name,travelled,price,Location,year,company
Royal Enfield Classic 350 ,0,210000,Kolkata,2023,Royal
Yamaha FZ S ,34500,65000,Gurgaon,2018,Yamaha
Honda Activa 5G ,9500,23500,NaviMumbai,2021,Honda
Honda Activa 5G ,11500,16500,Pune,2018,Honda
Honda Activa 5G ,11000,25500,Mumbai,2021,Honda
TVS Jupiter ,9000,25000,Chennai,2020,TVS
Honda Activa 5G ,10000,21500,Hyderabad,2020,Honda
Royal Enfield Meteor 350 Supernova ,8000,195000,Mumbai,2022,Royal
BMW G 310RR ,650,300000,Bangalore,2021,BMW
Royal Enfield Classic 350 ,30000,150000,Pune,2017,Royal
LML Piaggio Vespa ,25000,45000,Ghaziabad,2019,LML
Royal Enfield Classic 350 ,15638,185000,Guwahati,2020,Royal
Honda Activa 5G ,11500,23500,Bangalore,2021,Honda
Honda Dio ,13400,24000,Chennai,2019,Honda
Honda Activa 5G ,11500,16500,Ghaziabad,2018,Honda
Honda Activa 5G ,10500,16500,Delhi,2018,Honda
Honda Dream Neo ,34000,55000,Banda,2019,Honda
Suzuki Gixxer ,38000,35000,Mumbai,2015,Suzuki
Bajaj Avenger Cruise 220 ,10000,80000,Bangalore,2017,Bajaj
Royal Enfield Bullet Electra ,35000,80000,Hyderabad,2016,Royal
Hero Optima ,180,60000,Bangalore,2022,Hero
Royal Enfield Interceptor 650 ,8700,350000,Bangalore,2022,Royal
Benelli TNT 300 ,16700,275000,Bangalore,2020,Benelli
Hero Splendor NXG ,68000,33000,Bangalore,2009,Hero
Honda Activa 5G ,11500,16500,Lucknow,2018,Honda
Honda Activa 125 ,11500,15500,Pune,2018,Honda
Honda CB Unicorn ,46307,49999,Kolhapur,2012,Honda
Suzuki Fiero ,76000,33000,Bangalore,2002,Suzuki
Bajaj Pulsar 200 NS ,23800,95000,Erode,2019,Bajaj
Hero CBZ Xtreme ,26000,48000,Betul,2012,Hero
Yamaha RX 135 ,380,210000,Chennai,1998,Yamaha
Suzuki Gixxer SF ,2000,88000,Varanasi,2017,Suzuki
Bajaj Dominar 400 ,17400,135000,Delhi,2018,Bajaj
Honda Activa ,70000,37551,Noida,2014,Honda
Honda CB Shine ,7265,85000,Bangalore,2020,Honda
Benelli TNT 25 ,15900,180000,Bangalore,2016,Benelli
Honda CB300R ,3500,280000,Chennai,2022,Honda
Royal Enfield Thunderbird 350X ,7300,153000,Bangalore,2018,Royal
Royal Enfield Thunderbird 350 ,60000,85000,Mumbai,2016,Royal
Royal Enfield Meteor 350 Supernova ,14000,185000,Jabalpur,2022,Royal
Honda CB Unicorn 160 ,21500,60000,Chennai,2016,Honda
Hero CBZ Xtreme ,500,130000,Rishikesh,2023,Hero
Royal Enfield Classic 350 ,3825,190000,Agra,2021,Royal
Royal Enfield Bullet Electra Twinspark ,31500,99999,Bangalore,2016,Royal
Royal Enfield Classic 350 ,6200,185000,Hyderabad,2022,Royal
TVS Ntorq 125 ,15000,90000,Mangalore,2022,TVS
Hero Xtreme 200R ,42000,60000,Delhi,2020,Hero
Royal Enfield Classic 350 ,12600,165000,Mumbai,2018,Royal
Honda Activa 5G ,7000,25500,Bangalore,2021,Honda
Benelli 302R ,5500,332000,Mumbai,2018,Benelli
Honda Dio ,5000,80000,Hyderabad,2021,Honda
KTM RC 390 ,6900,260000,GreaterNoida,2021,KTM
Royal Enfield Classic 350 ,11170,165000,Nagpur,2016,Royal
Bajaj Avenger ,2500,80000,Tinsukia,2014,Bajaj
Yamaha FZ S ,1152,115000,Thane,2020,Yamaha
Hero Xtreme 200R ,16000,45000,Chennai,2020,Hero
Kawasaki Ninja 300 ,1000,318000,Kolkata,2021,Kawasaki
Yamaha MT 15 ,130000,190000,Hyderabad,2022,Yamaha
Honda Activa 125 ,27700,29900,Patiala,2009,Honda
Honda CB 400 ,3500,215000,Kolkata,2023,Honda
Honda CB Shine ,58800,33000,Chennai,2014,Honda
Honda CB Shine ,36000,75000,Mumbai,2020,Honda
Royal Enfield Classic 350 ,44000,113000,Malappuram,2017,Royal
Royal Enfield Bullet Electra ,44334,85000,Mumbai,2014,Royal
Suzuki Gixxer 250 ,12787,130000,Guntakal,2020,Suzuki
KTM 390 Duke ABS ,1700,310000,Chennai,2023,KTM
Honda CB Shine ,6000,85000,Vijayawada,2021,Honda
Bajaj Avenger Cruise 220 ,20000,40000,Karad,2012,Bajaj
Royal Enfield Classic Desert Storm ,29770,150000,Coimbatore,2017,Royal
Honda CBR 250R ,44000,60000,Delhi,2014,Honda
Bajaj Pulsar 200 RS ,8500,125000,Ghaziabad,2021,Bajaj
Suzuki Burgman Street ,20000,42000,Dehradun,2019,Suzuki
Royal Enfield Thunderbird 350 ,47000,145000,Pune,2016,Royal
TVS Apache RTR 200 ,4796,140000,Delhi,2022,TVS
Bajaj Pulsar 150 ,51200,32500,Bangalore,2011,Bajaj
TVS Apache RTR 200 ,38500,70000,Bhubaneswar,2017,TVS
Yamaha FZ 25 ,5500,160000,Mangalore,2020,Yamaha
Royal Enfield Bullet 350 ,3900,235000,Ahmedabad,2022,Royal
Hero HF Deluxe ,3400,73000,Mumbai,2021,Hero
Yamaha FZ S ,70,60000,Bangalore,2015,Yamaha
Bajaj Avenger ,43000,51000,Bhubaneswar,2014,Bajaj
Jawa Original ,6000,160000,Hyderabad,2020,Jawa
Aprilia SR 150 ,14300,90000,Nashik,2019,Aprilia
Bajaj Dominar 400 ,8000,185000,Pune,2019,Bajaj
TVS Apache RTR 160 ,120000,69000,Mathura,2017,TVS
Royal Enfield Thunderbird 350 ,30000,90000,Thane,2018,Royal
Royal Enfield Classic 500 ,6400,155000,Pune,2017,Royal
Royal Enfield Thunderbird 350 ,15500,85000,Chennai,2005,Royal
KTM 390 Duke ABS ,27000,130000,Bangalore,2014,KTM
BMW G 310RR ,80,349000,Delhi,2023,BMW
Yamaha FZ16 ,30000,34999,Kanpur,2013,Yamaha
Royal Enfield Thunderbird 350 ,42000,100000,Pune,2015,Royal
Yezdi Classic ,8000,170000,Ahmedabad,2022,Yezdi
Royal Enfield Bullet 350 ,4734,165000,Chennai,2022,Royal
Bajaj Dominar 400 ,37200,110000,PimpriChinchwad,2017,Bajaj
UM Renegade Commando ,15000,94000,Pune,2018,UM
Royal Enfield Thunderbird 350X ,5000,228000,Bhimavaram,2021,Royal
Hero Glamour ,64000,38000,Vizag,2014,Hero
Yamaha FZ 25 ,44000,60000,Bangalore,2015,Yamaha
Bajaj Avenger ,41500,62000,Bhubaneswar,2014,Bajaj
Royal Enfield Thunderbird 350X ,36000,145000,Coimbatore,2019,Royal
Royal Enfield Interceptor 650 ,8200,318000,Hyderabad,2019,Royal
Aprilia SR 150 ,5600,100000,Bangalore,2020,Aprilia
Honda CB300R ,500,331000,Bangalore,2022,Honda
Honda CB300R ,500,331000,Bangalore,2022,Honda
Suzuki Gixxer SF 250 ,17600,150000,Mumbai,2021,Suzuki
Bajaj Dominar 400 ,20500,185000,Bangalore,2019,Bajaj
Honda Activa 125 ,28543,46500,Rishikesh,2018,Honda
Hero Xpulse 200 ,2200,162000,Wayanad,2022,Hero
Yamaha YZF R15 ,5500,200000,Muzaffarnagar,2022,Yamaha
Honda Xblade ,20500,80000,Surat,2021,Honda
Jawa Original ,3800,210000,Bangalore,2020,Jawa
Jawa 42 ,7000,170000,Bangalore,2019,Jawa
Honda XL ,1995,190000,Bareilly,2021,Honda
Royal Enfield Interceptor 650 ,9867,265000,Bangalore,2019,Royal
Royal Enfield Classic 350 ,13304,180000,Indore,2019,Royal
Yamaha RX 100 ,100,250000,Pune,1995,Yamaha
Yamaha RX 100 ,250,250000,Pune,1995,Yamaha
Yamaha RX 100 ,400,250000,Pune,1995,Yamaha
Royal Enfield Classic 350 ,3161,160000,Meerut,2017,Royal
Jawa 42 ,13315,195000,Mysore,2020,Jawa
Yamaha RX 100 ,35000,22000,Puri,2010,Yamaha
KTM Duke 200 ,22000,110000,Bangalore,2017,KTM
Honda CB Shine ,2000,95000,Trichy,2023,Honda
Royal Enfield Thunderbird 500 ,40000,90000,Chennai,2013,Royal
Royal Enfield Classic 350 ,42000,94999,Delhi,2015,Royal
Hero CBZ Xtreme ,18000,60000,Chennai,2021,Hero
Hero Passion Plus ,30000,20000,Kochi,2009,Hero
Bajaj Pulsar 150 DTS i ,55000,55000,Dehradun,2018,Bajaj
Bajaj Pulsar 150 DTS i ,20000,70000,Patna,2017,Bajaj
Hero Splendor Plus ,29000,35000,Kanpur,2008,Hero
Bajaj Avenger Street 160 ,28000,130000,Lucknow,2020,Bajaj
Honda Activa 4G ,24000,26000,Agra,2013,Honda
Royal Enfield Thunderbird 500 ,10600,90000,Bangalore,2013,Royal
Royal Enfield Thunderbird 350 ,52000,75000,Trivandrum,2016,Royal
Hero CBZ Xtreme ,27000,30000,Allahabad,2012,Hero
Hero Splendor Plus ,12345,68000,Hyderabad,2021,Hero
Royal Enfield Bullet 350 ,28300,166000,Mumbai,2017,Royal
TVS Apache RTR 160 ,19000,45000,Bangalore,2016,TVS
Aprilia SR 150 ,7335,65000,Delhi,2021,Aprilia
Royal Enfield Classic 500 ,16081,165000,Chennai,2018,Royal
Royal Enfield Classic 350 ,50000,155000,Aurangabad,2016,Royal
Hero Maestro Edge 125 ,40000,35000,Delhi,2021,Hero
LML Piaggio Vespa ,20000,35000,Udupi,1995,LML
Royal Enfield Thunderbird 350X ,13200,120000,Hyderabad,2019,Royal
Hero CBZ Xtreme ,50000,13000,Kapurthala,2011,Hero
Honda CB Shine ,10500,27500,Bangalore,2021,Honda
Royal Enfield Bullet 350 ,1,85000,Vellore,1995,Royal
Hero Karizma ,24000,55000,Pune,2010,Hero
Bajaj Pulsar 150 AS ,35618,41000,Chennai,2017,Bajaj
Honda CB Shine ,2000,56000,Lucknow,2015,Honda
Honda Aviator ,28290,35000,Patna,2018,Honda
Bajaj CT 100 ,76416,25000,Dhampur,2005,Bajaj
TVS Apache RTR 180 ABS ,35000,48000,Mumbai,2014,TVS
Hero Passion Plus ,2500,75000,Bilaspur,2022,Hero
Bajaj Pulsar 125 ,100,100000,Erode,2023,Bajaj
Yamaha FZ S ,30000,52000,Patna,2014,Yamaha
Yamaha SS 125 ,25000,32000,Ujjain,2010,Yamaha
Royal Enfield Bullet 350 ,8000,160000,Jammu,2020,Royal
TVS Apache RTR 200 ,55000,60000,Hyderabad,2017,TVS
Bajaj Discover 150 ,37411,38000,Jhansi,2011,Bajaj
KTM RC 200 ,5500,130000,Hyderabad,2017,KTM
Royal Enfield Bullet Electra ,79000,59000,Nagapattinam,2009,Royal
Royal Enfield Bullet 350 ,13000,155000,Kollam,1995,Royal
Royal Enfield Thunderbird 350 ,24900,100000,Pune,2014,Royal
Honda Activa 3G ,26956,42000,Ahmedabad,2016,Honda
Yamaha Ray Z ,56000,18000,Thanjavur,2012,Yamaha
Hero Maestro Edge 125 ,20000,50000,Alipurduar,2020,Hero
Bajaj Discover 100 T ,60000,15000,Jalgaon,2013,Bajaj
Royal Enfield Meteor 350 Supernova ,7000,200000,Pune,2022,Royal
Bajaj Platina 100 ,54037,45000,Jodhpur,2021,Bajaj
Bajaj Pulsar 150 DTS i ,75000,40000,Bangalore,2013,Bajaj
TVS Apache RTR 200 ,14000,80000,Bangalore,2017,TVS
Honda Dio ,26555,46500,Chennai,2018,Honda
Hero CBZ Xtreme ,28000,28000,Kolkata,2013,Hero
Honda Activa 125 ,10000,68000,Cuttack,2020,Honda
Bajaj Pulsar 150 ,26000,26500,Kolkata,2014,Bajaj
Royal Enfield Bullet 350 ,75000,100000,Chennai,1995,Royal
Royal Enfield Thunderbird 350X ,35000,145000,Cuttack,2019,Royal
Yamaha YZF R15 ,24000,127000,Sivasagar,2019,Yamaha
Yamaha YZF R15 ,29700,156999,Bangalore,2020,Yamaha
Bajaj Discover 125 ,49000,37000,Kurnool,2016,Bajaj
Indian Road master ,200,20000,Bardhaman,2023,Indian
TVS Apache RTR 200 ,15500,78000,Pune,2016,TVS
Royal Enfield Classic 350 ,4200,200000,Hyderabad,2022,Royal
Royal Enfield Classic 350 ,24000,155000,Guwahati,2020,Royal
Bajaj Pulsar 150 ,150,120000,Chennai,2023,Bajaj
TVS Apache RTR 160 ,12000,45000,Delhi,2015,TVS
Royal Enfield Bullet 350 ,6500,245000,Mumbai,2022,Royal
Yamaha YZF R15 ,32000,120000,Dhanbad,2019,Yamaha
TVS Ntorq 125 ,13500,51000,Delhi,2020,TVS
Yamaha R1 ,22000,65000,Allahabad,2017,Yamaha
KTM Duke 250 ,6000,220000,Hyderabad,2021,KTM
Bajaj Pulsar 180 ,40000,30000,Kharagpur,2012,Bajaj
Honda CB Shine ,74000,22500,Hyderabad,2008,Honda
Bajaj Discover 100 M ,67564,24500,Gobichettipalayam,2014,Bajaj
Honda Dream Yuga ,48000,34000,Daman,2014,Honda
Yamaha FZ S ,35000,36000,Barpeta,2013,Yamaha
Honda CB Twister ,91000,25000,Bhiwani,2010,Honda
Bajaj Dominar 400 ,579,220000,Jamshedpur,2022,Bajaj
Hero Passion Pro ,94394,35000,Pune,2013,Hero
Royal Enfield Classic 350 ,36000,190000,Amravati,2018,Royal
Indian Chief Classic ,2023,9000,Faizabad,2023,Indian
Royal Enfield Classic 350 ,37000,110000,Jorhat,2017,Royal
Bajaj Avenger Street 220 ,50000,31000,Bangalore,2012,Bajaj
Honda CB Unicorn ,40000,45000,Pondicherry,2013,Honda
Royal Enfield Thunderbird 350 ,3500,140000,Lucknow,2017,Royal
Honda Activa 4G ,29000,30000,Ghaziabad,2013,Honda
Bajaj Pulsar 200 NS ,490,140000,Surat,2022,Bajaj
Honda Activa 125 ,36000,42500,Bhubaneswar,2015,Honda
Yamaha FZ S ,29000,120000,Chandigarh,2019,Yamaha
Yamaha RX 135 ,16958,26499,Bhopal,2002,Yamaha
Yamaha RX 135 ,19584,26500,Bhopal,2002,Yamaha
Jawa 42 ,2200,190000,Raipur,2022,Jawa
Yamaha YZF R15 ,26700,60000,Hyderabad,2012,Yamaha
Bajaj Pulsar 180 ,78000,19000,Hyderabad,2010,Bajaj
Royal Enfield Himalayan ,20000,200000,Aurangabad,2021,Royal
Honda Activa 125 ,45000,42000,Hyderabad,2015,Honda
TVS Wego ,15600,19000,Thrissur,2012,TVS
Bajaj Pulsar 125 ,7400,120000,Bangalore,2022,Bajaj
Honda Navi ,10000,28999,Chennai,2016,Honda
Jawa 42 ,13000,129000,Chennai,2021,Jawa
Suzuki Burgman Street ,10000,120000,Hyderabad,2022,Suzuki
Yamaha FZ S ,26044,35000,Kolkata,2014,Yamaha
Hero Maestro ,35000,21000,Lucknow,2013,Hero
Royal Enfield Classic Chrome ,9400,215000,Gurgaon,2021,Royal
Royal Enfield Bullet Electra ,20000,115000,Allahabad,2016,Royal
Bajaj Vikrant V15 ,25000,30000,Belgaum,2016,Bajaj
KTM Duke 250 ,4500,250000,Hyderabad,2021,KTM
Bajaj Pulsar 180 ,12000,25000,Bangalore,2011,Bajaj
Hero Karizma ZMR ,32000,32500,Kolkata,2012,Hero
Yamaha Fazer FIV 2 ,28100,45000,Kendujhar,2016,Yamaha
KTM Duke 200 ,56000,142000,Hyderabad,2016,KTM
Hero Super Splendor ,26500,41999,Dibrugarh,2019,Hero
Bajaj Pulsar NS160 ,22000,98000,Lucknow,2021,Bajaj
Royal Enfield Interceptor 650 ,4500,310000,Bangalore,2022,Royal
Royal Enfield Bullet 350 ,40000,35000,Delhi,1996,Royal
UM Renegade Commando ,19000,80000,Pune,2016,UM
TVS Apache RTR 200 ,24000,85000,Delhi,2019,TVS
Honda Honda VFR ,60000,21000,Bangalore,2008,Honda
Hero Hunk ,60000,21000,Bangalore,2008,Hero
Royal Enfield Interceptor 650 ,12500,280000,Hyderabad,2021,Royal
Hero Splendor Plus ,68000,19000,Pune,2003,Hero
Hero Splendor Plus ,65000,16999,Pune,2003,Hero
Honda CB Trigger ,40000,45000,Indore,2014,Honda
Bajaj Discover 100 T ,45000,28000,Indore,2013,Bajaj
Royal Enfield Meteor 350 Supernova ,750,225000,Delhi,2022,Royal
Royal Enfield Thunderbird 350 ,50000,95000,Mangalore,2014,Royal
Bajaj Avenger Street 150 ,58000,65000,Amravati,2016,Bajaj
Royal Enfield Thunderbird 500 ,12000,125000,Pune,2018,Royal
Honda CB300R ,2300,240000,Bangalore,2022,Honda
Bajaj Pulsar 200 NS ,31000,82000,Mumbai,2018,Bajaj
Bajaj Pulsar 180 ,60000,15000,Kolkata,2007,Bajaj
KTM Duke 125 ,32500,115000,Raipur,2019,KTM
TVS Apache RTR 160 ,40000,60000,Kolhapur,2017,TVS
Honda CB Hornet ,24718,60000,Vadodara,2017,Honda
Royal Enfield Bullet 350 ,52000,90000,Bangalore,2014,Royal
Honda CB Shine ,27415,84999,Vijayawada,2020,Honda
TVS Ntorq 125 ,18000,60000,Hubli,2019,TVS
Honda Activa 125 ,10279,85000,Coimbatore,2021,Honda
Hero Ignitor ,40800,30000,Delhi,2016,Hero
TVS Apache RTR 160 ,18000,35000,Lucknow,2010,TVS
Royal Enfield Himalayan ,17000,230000,Bangalore,2021,Royal
Bajaj Discover 100 ,50,38000,Indore,2023,Bajaj
Bajaj Avenger Street 150 ,32500,55000,Chennai,2016,Bajaj
Bajaj Avenger Cruise 150 ,30000,55000,Chennai,2016,Bajaj
Hero Glamour FI ,18600,68000,Varanasi,2021,Hero
Bajaj Chetak ,20000,18000,Hyderabad,1998,Bajaj
Honda Activa ,42800,30000,Lucknow,2011,Honda
Royal Enfield Classic 350 ,30000,120000,Vijayawada,2014,Royal
Royal Enfield Thunderbird 350 ,30100,120000,Hyderabad,2016,Royal
Indian Road master ,10,9999,Patiala,2022,Indian
Honda Activa ,45000,19500,Kochi,2009,Honda
Bajaj Discover 125M ,60000,25000,Tadpatri,2015,Bajaj
Bajaj Avenger Cruise 220 ,24400,72000,Mumbai,2019,Bajaj
TVS Apache RTR 180 ,100000,30000,Moga,2012,TVS
Bajaj Pulsar 150 ,95000,30000,Hyderabad,2012,Bajaj
TVS Apache RTR 200 ,4000,75000,Thane,2016,TVS
Honda CB Unicorn Dazzler ,60000,35000,Bangalore,2013,Honda
Bajaj Avenger Cruise 220 ,4800,155000,Bagalkot,2021,Bajaj
Hero Xpulse 200 ,13464,125000,Hyderabad,2021,Hero
Yamaha FZ S ,46500,70000,NaviMumbai,2015,Yamaha
Hero CBZ Xtreme ,100000,25000,Bhubaneswar,2011,Hero
TVS Apache RTR 180 ,40000,70000,Katwa,2019,TVS
Honda CBF Stunner ,10000,37000,Uluberia,2010,Honda
Yamaha YZF R15 ,15426,65000,Asansol,2012,Yamaha
Bajaj Pulsar 150 ,29000,47000,Delhi,2017,Bajaj
Hero Passion Pro ,25000,28000,Viluppuram,2013,Hero
Hero Maestro ,34500,25000,Dehradun,2014,Hero
Bajaj Avenger Street 150 ,18000,40000,Rajkot,2017,Bajaj
Royal Enfield Meteor 350 Supernova ,2130,215000,Chennai,2022,Royal
Hero Maestro ,38000,30000,Bulandshahr,2018,Hero
Royal Enfield Classic 350 ,15428,45000,Belgaum,2019,Royal
Bajaj Discover 100 ,59000,38000,Harihar,2015,Bajaj
TVS Apache RTR 180 ABS ,15000,130000,Vijayawada,2022,TVS
TVS Apache RTR 160 ,60641,30000,Ahmedabad,2020,TVS
Bajaj Pulsar 200 NS ,30000,85000,Chennai,2019,Bajaj
Yamaha R1 ,50000,60000,Latur,2016,Yamaha
Royal Enfield Himalayan ,9000,230000,Viluppuram,2021,Royal
Bajaj Avenger Cruise 220 ,19000,50000,Bangalore,2015,Bajaj
Hero Passion Pro ,26200,39000,Rourkela,2018,Hero
Suzuki Access ,22336,27000,Bhopal,2011,Suzuki
Bajaj Pulsar NS160 ,12075,75000,Darbhanga,2019,Bajaj
Yamaha YZF R15 ,46000,80000,Chennai,2017,Yamaha
Suzuki Access ,50000,22000,Hyderabad,2013,Suzuki
Bajaj Pulsar NS160 ,10700,95000,Indore,2019,Bajaj
Yamaha Crux R ,15000,15000,CoochBehar,2002,Yamaha
Yamaha SZ R ,65000,30000,Bangalore,2012,Yamaha
Yamaha FZ 25 ,26000,95000,Thane,2019,Yamaha
Hero CBZ Xtreme ,72500,31000,Ahmedabad,2012,Hero
Bajaj Pulsar 150 ,50000,45000,Noida,2016,Bajaj
Hero Karizma ZMR ,42000,45500,Vadodara,2012,Hero
Bajaj Dominar 400 ,40000,200000,Gurgaon,2020,Bajaj
Bajaj Avenger Cruise 220 ,32000,75000,Hyderabad,2019,Bajaj
Hero CBZ Xtreme ,45000,25000,Pune,2013,Hero
Hero Passion Pro ,27000,20000,Faridabad,2009,Hero
Hero Ignitor ,22000,25000,Chennai,2015,Hero
Honda Livo ,13500,70000,Delhi,2021,Honda
Honda Activa ,40000,22000,Ahmedabad,2011,Honda
Yamaha Crux ,65000,12000,Biharsharif,2006,Yamaha
TVS Apache RTR 160 4V ,22000,85000,Thane,2020,TVS
Suzuki Gixxer SF ,50000,80000,Lucknow,2018,Suzuki
Suzuki Zeus ,73000,12000,Chennai,2010,Suzuki
Bajaj Discover 150 ,73000,24000,Bangalore,2011,Bajaj
Hero Passion Pro ,45000,25000,Mohali,2010,Hero
KTM RC 200 ,44000,158000,Kochi,2017,KTM
Indian Scout ,3500,50000,Hosur,2022,Indian
Suzuki Access ,40000,24000,Belgaum,2013,Suzuki
Hero CBZ Xtreme ,28000,30000,Krishnagiri,2015,Hero
TVS Apache RTR 160 4V ,7500,110000,Delhi,2020,TVS
Royal Enfield Thunderbird 350 ,43500,120000,Sangli,2017,Royal
Hero Splendor Pro Classic ,42000,45000,Banka,2017,Hero
BMW G 310R ,60,300000,Chennai,2022,BMW
Royal Enfield Classic 350 ,9000,170000,Bangalore,2019,Royal
Hero Splendor Plus ,34700,15000,Mahendragarh,2009,Hero
Hero CBZ Xtreme ,7600,56000,Kolkata,2019,Hero
Bajaj Pulsar 125 ,43000,60000,Kolkata,2020,Bajaj
TVS Jupiter ,28000,60000,Vizag,2019,TVS
Honda Activa 4G ,22000,40000,Bangalore,2017,Honda
Hero HF Deluxe ,35000,65000,Kakinada,2017,Hero
Mahindra Rodeo ,5000,12000,Kozhikode,2013,Mahindra
Bajaj Pulsar 150 DTS i ,38000,90000,Hyderabad,2020,Bajaj
Hero Passion X Pro ,70000,36500,GreaterNoida,2015,Hero
Hero Super Splendor ,35000,55000,Tinsukia,2014,Hero
Yamaha Ray Z ,28795,40000,Davanagere,2019,Yamaha
Suzuki Gixxer ,22000,70000,Hubli,2020,Suzuki
Royal Enfield Classic 500 ,28000,140000,Ranchi,2016,Royal
Hero Maestro Edge 125 ,36000,28000,Kollam,2016,Hero
TVS Star City ,70000,24000,North24Parganas,2011,TVS
Honda Activa 125 ,12000,45000,Jind,2016,Honda
Jawa Original ,30000,130000,Ahmedabad,2019,Jawa
Honda CBR 250R ,11000,83000,Kolkata,2011,Honda
Hero Hunk ,52500,53000,Pune,2012,Hero
KTM RC 390 ,30000,120000,Azamgarh,2015,KTM
Royal Enfield Bullet Trials 350 ,12000,135000,Kolkata,2019,Royal
Hero Destini 125 ,9500,70000,Cuddalore,2021,Hero
Suzuki Access ,38125,23000,Bangalore,2010,Suzuki
TVS Apache RTR 180 ,60000,65000,Guntur,2015,TVS
Royal Enfield Bullet 350 ,300,185000,Bangalore,1995,Royal
Bajaj Pulsar 135 LS ,12000,39000,Bangalore,2011,Bajaj
Bajaj Vikrant V15 ,49000,45000,Allahabad,2016,Bajaj
Royal Enfield Himalayan ,2500,190000,Chennai,2019,Royal
Bajaj Dominar 400 ,18000,125000,Samastipur,2019,Bajaj
Suzuki Gixxer SF ,67500,65000,Pune,2015,Suzuki
Royal Enfield Thunderbird 500 ,20000,125000,Pune,2016,Royal
TVS Apache RTR 160 4V ,43000,65000,Ghaziabad,2018,TVS
Yamaha RX 100 ,2000,78000,Hyderabad,1998,Yamaha
TVS Jupiter ,37000,45000,Nawalgarh,2015,TVS
Royal Enfield Thunderbird 500 ,10000,100000,Pune,2013,Royal
Hero Passion Pro ,50000,16000,Mumbai,2009,Hero
Hero Destini 125 ,44263,48000,Mumbai,2019,Hero
Hero Passion Pro ,30000,39000,Delhi,2018,Hero
Honda Activa i ,10000,28000,Noida,2016,Honda
Suzuki Access ,30000,14000,Mumbai,2010,Suzuki
Royal Enfield Thunderbird 350 ,25000,65000,Vadodara,2013,Royal
Honda Grazia ,9238,59999,CoochBehar,2020,Honda
Royal Enfield Bullet 350 ,1100,240000,Nagercoil,2008,Royal
Honda Activa 3G ,54000,38000,Allahabad,2015,Honda
Hero Duet ,26000,42000,Indore,2017,Hero
Honda Livo ,7000,55000,Vadodara,2018,Honda
TVS Jive ,38000,20000,Patna,2010,TVS
Yamaha FZ S ,3500,58000,Kolkata,2018,Yamaha
Royal Enfield Classic 350 ,12500,150000,Ahmedabad,2019,Royal
Bajaj Avenger Street 220 ,15000,36000,Bangalore,2012,Bajaj
KTM Duke 200 ,19000,180000,Hyderabad,2021,KTM
Bajaj Pulsar 180 ,61000,30000,Pune,2011,Bajaj
Hero Passion Pro ,43000,48000,Thanjavur,2016,Hero
Royal Enfield Bullet 350 ,39500,120000,Koraput,2015,Royal
Bajaj Discover 125 ,70000,21000,Chennai,2012,Bajaj
TVS Apache RTR 200 ,47600,55000,Chennai,2018,TVS
Honda Activa 4G ,7300,55000,Bangalore,2017,Honda
Hero Xpulse 200 ,19800,100000,Mumbai,2021,Hero
Bajaj CT 100 ,16000,45000,Bangalore,2018,Bajaj
Royal Enfield Bullet 350 ,18500,125000,Jharsuguda,2013,Royal
Bajaj Pulsar 150 ,62000,30000,Kolkata,2012,Bajaj
Bajaj Pulsar 180 ,39000,33000,Kolkata,2012,Bajaj
Bajaj Pulsar 200 NS ,45,60000,Bilaspur,2014,Bajaj
Bajaj Pulsar 150 DTS i ,30000,45000,Kangra,2012,Bajaj
TVS Ntorq 125 ,23500,60000,VasaiVirar,2018,TVS
Suzuki Access 125 Disc ,19850,78000,Mangalore,2021,Suzuki
Yamaha YZF R15 ,40000,55000,Kolkata,2017,Yamaha
Jawa 42 ,7800,155000,Darjeeling,2021,Jawa
Royal Enfield Thunderbird 350X ,14380,171000,Bangalore,2019,Royal
Bajaj Avenger Cruise 220 ,20000,65000,Pune,2015,Bajaj
Hero Passion Pro ,129400,35000,Pune,2014,Hero
Honda CB Shine ,26000,62000,Trivandrum,2018,Honda
Honda CB Shine ,48000,37000,Trivandrum,2014,Honda
KTM Duke 200 ,21200,125000,Baramulla,2017,KTM
Honda CBF Stunner ,35000,48000,Belgaum,2013,Honda
Bajaj Pulsar 200 NS ,55000,85000,Bangalore,2017,Bajaj
Hero Splendor Plus ,28000,25000,Jaisalmer,2009,Hero
BMW G 310R ,5650,230000,Chennai,2020,BMW
Hero HF Deluxe ,32000,42000,Jaipur,2019,Hero
Hero CBZ Xtreme ,55850,35000,Pune,2010,Hero
Yamaha FZ S ,17000,135000,Giridih,2020,Yamaha
Hero Splendor Plus ,950,75000,Raipur,2023,Hero
Royal Enfield Thunderbird 350 ,30100,110000,Coimbatore,2013,Royal
Honda Activa ,21500,32000,Jalandhar,2012,Honda
Honda CB Shine ,60000,50000,Noida,2018,Honda
Royal Enfield Bullet 500 ,41500,99000,Kochi,2017,Royal
Bajaj Platina 100 ,24808,35000,Hyderabad,2015,Bajaj
Hero Splendor iSmart ,40000,35000,Sitapur,2018,Hero
Bajaj Dominar 400 ,15500,180000,Hyderabad,2019,Bajaj
Bajaj Pulsar 150 AS ,70000,40000,Hyderabad,2015,Bajaj
Honda CB Hornet ,30000,70000,Bangalore,2017,Honda
Honda CB Hornet ,15300,65000,Lucknow,2017,Honda
Royal Enfield Bullet Electra ,40000,135000,Chennai,2015,Royal
Honda CB Hornet ,11109,60000,Dibrugarh,2017,Honda
Jawa Original ,2000,138000,Kolkata,2019,Jawa
Honda Dio ,2727,37000,Kolkata,2017,Honda
Yamaha YZF R3 ,45,115000,Katihar,2018,Yamaha
Royal Enfield Thunderbird 500 ,14500,70000,Jaipur,2013,Royal
TVS Apache RTR 160 4V ,13000,100000,Pondicherry,2023,TVS
Bajaj Discover 100 T ,58000,25000,Faizabad,2013,Bajaj
Yamaha Fascino ,30000,48000,Varanasi,2019,Yamaha
TVS Apache RTR 200 ,16000,140000,Bangalore,2021,TVS
KTM Duke 200 ,26000,110000,Ghaziabad,2019,KTM
Royal Enfield Thunderbird 350X ,11700,150000,Pune,2019,Royal
Yamaha FZ S ,10000,120000,Bangalore,2021,Yamaha
Bajaj Pulsar 180 ,60000,26000,Jind,2012,Bajaj
Yamaha FZ S ,14000,98000,Chennai,2020,Yamaha
Honda CB Shine ,31150,32000,Silchar,2011,Honda
Yezdi Road King ,5000,235000,Hosur,2023,Yezdi
Suzuki Gixxer ,40000,50000,Vadodara,2017,Suzuki
Bajaj Pulsar 220 F ,80000,37000,Pune,2012,Bajaj
TVS Apache RTR 180 ,18500,95000,Rajsamand,2018,TVS
Royal Enfield Classic 350 ,45000,85000,Chennai,2015,Royal
Royal Enfield Thunderbird 350 ,25000,90000,Ludhiana,2014,Royal
TVS Apache RTR 200 ,34574,51000,Ahmedabad,2018,TVS
Honda CB Unicorn 160 ,73000,58000,Trivandrum,2016,Honda
Bajaj Pulsar 200 NS ,8000,140000,Udaipur,2022,Bajaj
Jawa 42 ,3000,170000,Nellore,2021,Jawa
Honda Grazia ,21366,55000,Udaipur,2021,Honda
Hero HF Deluxe ,18300,50000,Jhansi,2020,Hero
Hero CD Deluxe ,3894685,19500,Hyderabad,2005,Hero
Hero Xpulse 200T ,36600,75000,Guwahati,2019,Hero
KTM Duke 200 ,18000,155000,Jammu,2018,KTM
Bajaj Avenger Cruise 220 ,5000,160000,NaviMumbai,2022,Bajaj
Bajaj Pulsar 220 F ,26315,130000,Pune,2020,Bajaj
Hero CBZ Xtreme ,29200,32000,Varanasi,2013,Hero
Royal Enfield Interceptor 650 ,7000,235000,Chennai,2019,Royal
Royal Enfield Classic 350 ,15000,144000,Kolkata,2019,Royal
Jawa Original ,3300,170000,Vadodara,2021,Jawa
Hero Glamour ,43000,52000,Guwahati,2019,Hero
Bajaj Pulsar 150 DTS i ,10000,51000,Munger,2017,Bajaj
TVS Ntorq 125 ,4500,95000,Kolkata,2022,TVS
Suzuki Gixxer SF ,20000,60000,Bangalore,2016,Suzuki
Yamaha RX 100 ,54878,16000,Lucknow,1998,Yamaha
LML Piaggio Vespa VX ,13366,75000,Erode,2017,LML
Yamaha YZF R15 ,55000,80000,Chennai,2016,Yamaha
Royal Enfield Thunderbird 500 ,5000,180000,Pune,2018,Royal
Bajaj Pulsar 150 AS ,900,140000,Gulbarga,2023,Bajaj
Suzuki Intruder M800 ,30000,450000,Mumbai,2002,Suzuki
Yamaha YZF R15 ,26000,95000,Delhi,2019,Yamaha
Honda Activa 125 ,41000,38000,Delhi,2018,Honda
Aprilia SR 150 ,21565,55000,Pune,2018,Aprilia
Royal Enfield Thunderbird 350 ,20600,75000,Chennai,2013,Royal
Hero Passion X Pro ,16100,50000,Delhi,2019,Hero
Hero Duet ,31000,43000,Lucknow,2018,Hero
Yamaha FZ1 ,72000,50000,Mangalore,2013,Yamaha
Bajaj Pulsar 200 RS ,33000,110000,Salem,2019,Bajaj
Royal Enfield Classic 350 ,31600,130000,Jodhpur,2017,Royal
Royal Enfield Thunderbird 350 ,29700,90000,Varanasi,2016,Royal
Honda CBF Stunner ,50000,25000,Guwahati,2012,Honda
Hero Maestro ,40000,39000,Ahmedabad,2019,Hero
Bajaj Pulsar 135 LS ,23390,30000,Faridabad,2016,Bajaj
Bajaj Avenger ,13800,75000,Chennai,2018,Bajaj
Hero HF Deluxe ,30000,65000,Bangalore,2021,Hero
Suzuki Gixxer SF ,39000,55000,Mumbai,2015,Suzuki
TVS Apache RTR 160 ,7700,100000,Jamshedpur,2021,TVS
Bajaj Avenger Cruise 150 ,60000,35000,Gorakhpur,2016,Bajaj
KTM RC 125 ,17000,138000,Kolkata,2020,KTM
Yamaha YZF R15 ,11000,165000,Mumbai,2022,Yamaha
Honda CB Unicorn ,22500,70000,Pune,2018,Honda
Hero Maestro Edge 125 ,13000,49000,Dehradun,2018,Hero
Honda CB Shine ,18000,69000,Surat,2021,Honda
Hero HF Deluxe ,6500,53000,Amritsar,2020,Hero
Hero Splendor Plus ,4000,75000,Dhanbad,2020,Hero
Bajaj Avenger Street 220 ,10500,50000,Kalyan,2016,Bajaj
Yamaha FZ S ,21000,55000,Chennai,2017,Yamaha
Bajaj Avenger Street 150 ,32000,45000,Delhi,2016,Bajaj
Bajaj Pulsar 150 ,29500,72000,Hyderabad,2019,Bajaj
KTM Duke 125 ,30000,91001,Patna,2020,KTM
Bajaj Pulsar 125 ,7000,89000,Daman,2022,Bajaj
Honda Livo ,28000,39000,Chandigarh,2018,Honda
Suzuki Gixxer SF ,40000,65000,Jamshedpur,2016,Suzuki
Royal Enfield Bullet 500 ,40500,90000,Bangalore,2009,Royal
Royal Enfield Bullet 350 ,2000,168000,Delhi,2021,Royal
Hero Ignitor ,45000,20000,Anand,2012,Hero
Bajaj Dominar 400 ,7000,200000,Dehradun,2022,Bajaj
Hero Maestro Edge 125 ,38000,15000,Bhiwadi,2016,Hero
KTM 390 Duke ABS ,9800,260000,Hyderabad,2022,KTM
Honda Dio ,20000,70000,Hyderabad,2021,Honda
Bajaj Discover 150 ,73000,22000,Faridabad,2010,Bajaj
Honda CB Shine ,10850,35000,Dombivli,2012,Honda
TVS Wego ,32697,25000,Hyderabad,2012,TVS
Bajaj Pulsar 200 NS ,36027,70000,Nashik,2019,Bajaj
Royal Enfield Continental GT ,4778,375000,Tumkur,2022,Royal
Royal Enfield Classic 350 ,17700,190000,Bangalore,2017,Royal
Royal Enfield Classic 350 ,17700,190000,Bangalore,2017,Royal
Yamaha YZF R15 ,5800,110000,GreaterNoida,2020,Yamaha
Yamaha FZ16 ,44000,65000,Kollam,2016,Yamaha
Honda CBF Stunner ,35000,22000,Madurai,2010,Honda
Yamaha Fascino ,650,85000,Bangalore,2023,Yamaha
Royal Enfield Classic 350 ,4342,85000,Guwahati,2013,Royal
Suzuki Gixxer SF ,16800,80000,Hyderabad,2018,Suzuki
TVS Ntorq 125 ,10000,80000,Mumbai,2020,TVS
Royal Enfield Thunderbird 350 ,24268,60000,Trivandrum,2013,Royal
Honda CB 400 ,5200,170000,Ranchi,2022,Honda
Royal Enfield Bullet 350 ,31000,105000,Coimbatore,2019,Royal
Bajaj Pulsar 220 F ,33000,30000,Kolkata,2013,Bajaj
Royal Enfield Thunderbird 350 ,50000,50000,Bangalore,2004,Royal
Hero Super Splendor ,13656,55000,Pune,2020,Hero
TVS Radeon ,3000,115000,Coimbatore,2023,TVS
Hero Glamour FI ,55000,50000,Balasore,2013,Hero
Bajaj Avenger Street 160 ,37500,65000,Siliguri,2019,Bajaj
Royal Enfield Classic 350 ,28200,127000,Kandhamal,2018,Royal
Yezdi Road King ,4000,210000,Bhubaneswar,2022,Yezdi
Honda Dream Yuga ,41314,30000,Ahmednagar,2012,Honda
Hero Photon ,16900,55001,Ahmedabad,2021,Hero
Hero CBZ Xtreme ,69000,40000,Durgapur,2017,Hero
Bajaj Avenger Street 220 ,75000,49500,Jaipur,2015,Bajaj
TVS Ntorq 125 ,14000,65000,Chennai,2019,TVS
Bajaj Pulsar 150 DTS i ,30000,35000,Bangalore,2009,Bajaj
Yamaha FZ 6 ,45000,35000,Washim,2012,Yamaha
Bajaj Avenger ,18000,65000,Bangalore,2017,Bajaj
Bajaj Pulsar 180 ,18000,75000,Ludhiana,2019,Bajaj
Bajaj Saffire ,34000,12000,Nagpur,2003,Bajaj
Honda Activa 5G ,20900,47000,Rohtak,2019,Honda
Hero Passion X Pro ,16900,57000,Bhilai,2019,Hero
Yamaha YZF R15 ,3000,190000,Chennai,2022,Yamaha
Bajaj Pulsar 135 LS ,17852,32000,Chandrapur,2010,Bajaj
Honda CB Unicorn Dazzler ,47000,41500,Salem,2012,Honda
Suzuki Access ,17500,48000,Ambernath,2019,Suzuki
Bajaj Pulsar 150 ,30200,60000,Himatnagar,2015,Bajaj
Yamaha FZ S ,64000,75000,Rajahmundry,2018,Yamaha
Royal Enfield Bullet 350 ,12000,157000,Guwahati,2020,Royal
Honda CB Hornet ,51700,59000,Guwahati,2016,Honda
Bajaj Pulsar NS160 ,30000,70000,Bahraich,2018,Bajaj
Suzuki Gixxer SF ,15000,62000,Jhalawar,2016,Suzuki
Yamaha YZF R15 ,16350,135000,Meerut,2021,Yamaha
Honda Activa ,13500,75000,Coimbatore,2016,Honda
Honda Activa 5G ,49500,46000,Jabalpur,2018,Honda
Royal Enfield Thunderbird 350 ,17500,110000,Agra,2016,Royal
Bajaj Pulsar 200 NS ,30500,105000,Hyderabad,2017,Bajaj
KTM RC 125 ,20500,155000,Bhandara,2020,KTM
Yamaha FZ S ,9500,90000,Bangalore,2018,Yamaha
Hero Glamour ,22000,55000,Muzaffarpur,2017,Hero
Hero Glamour ,120000,45000,Bhubaneswar,2015,Hero
Hero Splendor iSmart ,20000,59000,Bangalore,2016,Hero
KTM 390 Duke ABS ,6300,300000,Bangalore,2021,KTM
Honda CB Hornet ,47538,115000,Solapur,2020,Honda
Bajaj Vikrant V15 ,18200,60000,Hyderabad,2018,Bajaj
Honda CB Shine ,20000,80000,Jabalpur,2021,Honda
Honda Xblade ,16000,50000,Bhadohi,2018,Honda
Kinetic Motors Zing ,3595,55000,Delhi,2021,Kinetic
KTM Duke 200 ,15900,115000,Bhopal,2016,KTM
TVS Wego ,53000,28000,Rajkot,2011,TVS
Yamaha Fascino ,17000,65000,Chennai,2020,Yamaha
Hero Splendor Plus ,18500,70000,NaviMumbai,2021,Hero
Suzuki Gixxer ,27000,42000,Jamshedpur,2015,Suzuki
Bajaj Avenger ,50000,25000,Madurai,2010,Bajaj
Honda CB Hornet ,34300,63000,Bhadohi,2017,Honda
Royal Enfield Himalayan ,2089,250000,Salem,2022,Royal
Honda Dio ,34000,50000,Anantapur,2019,Honda
Honda Activa 5G ,22500,55000,Lucknow,2018,Honda
Bajaj Pulsar 180 DTS i ,14577,60000,Guwahati,2013,Bajaj
Honda Aviator ,30500,45000,Bijnor,2017,Honda
Royal Enfield Continental GT 650 ,9000,240000,Hyderabad,2019,Royal
Bajaj Pulsar 200 RS ,41800,100000,Belgaum,2017,Bajaj
Honda Activa ,21000,85000,Jamshedpur,2020,Honda
Honda Activa 4G ,19400,40000,Lucknow,2017,Honda
Yamaha YZF R15 ,23000,90000,Bangalore,2015,Yamaha
Honda CB Unicorn 160 ,75000,45000,Mahbubnagar,2013,Honda
Mahindra Rodeo ,45000,8000,Mahendragarh,2012,Mahindra
TVS Heavy Duty Super XL ,13000,15000,Hyderabad,2013,TVS
Benelli Imperiale 400 ,17000,200000,Bangalore,2020,Benelli
Honda CB300R ,15000,220000,Hyderabad,2022,Honda
Honda Activa 5G ,28850,49499,Mangalore,2018,Honda
Hero Passion X Pro ,27500,30000,TheniAllinagaram,2014,Hero
Jawa Original ,2257,210000,Pune,2022,Jawa
TVS Ntorq 125 ,10000,70000,Mysore,2019,TVS
LML Piaggio Vespa ,2500,100000,Hyderabad,2021,LML
Hero Super Splendor ,23778,55000,Varanasi,2020,Hero
Hero CBZ Xtreme ,70000,22000,Ujjain,2010,Hero
Hero CBZ Xtreme ,56700,27000,Bangalore,2011,Hero
Yamaha R1 ,22000,90000,Nashik,2017,Yamaha
TVS Apache RTR 160 ,40500,47000,Pune,2011,TVS
Royal Enfield Bullet 350 ,25000,150000,Bangalore,1995,Royal
Hero Splendor Plus ,65000,24500,Tiruvannamalai,2011,Hero
Yamaha FZ S ,56700,76000,Bangalore,2017,Yamaha
Hero Splendor Plus ,14000,50000,Mumbai,2019,Hero
Hero Xtreme 200R ,16800,98000,Hyderabad,2020,Hero
Bajaj CT 100 ,11000,45000,Varanasi,2020,Bajaj
Honda Activa 4G ,25000,40000,Delhi,2017,Honda
Hero Passion X Pro ,70,45000,Delhi,2018,Hero
Hero Passion Pro ,52400,45000,Surat,2011,Hero
Suzuki Zeus ,25800,62000,Hosur,2018,Suzuki
Bajaj Pulsar 150 ,30000,50000,Chennai,2017,Bajaj
TVS Ntorq 125 ,18000,83000,Guwahati,2022,TVS
Hero CBZ Xtreme ,35000,19000,Coimbatore,2011,Hero
Hero Karizma ZMR ,38000,55000,Sirohi,2012,Hero
Suzuki Swish 125 facelift ,11,20000,Surat,2011,Suzuki
Yamaha Fazer FIV 2 ,80000,50000,Bhubaneswar,2016,Yamaha
TVS Apache RTR 200 ,63000,65000,Hyderabad,2017,TVS
Yezdi Road King ,10000,180000,Ahmedabad,2022,Yezdi
Yezdi Road King ,10000,230000,Ahmedabad,2022,Yezdi
Hero Xpulse 200 ,6000,160000,Bangalore,2022,Hero
Honda Activa 3G ,16000,45000,Karwar,2015,Honda
Royal Enfield Bullet Electra ,53000,90000,Bhubaneswar,2015,Royal
Suzuki Gixxer SF ,24000,95000,Bangalore,2019,Suzuki
Honda Dio ,21500,65000,Gulbarga,2017,Honda
Honda Dio ,14550,49999,Khordha,2021,Honda
Bajaj Pulsar 150 DTS i ,75000,25000,Dindigul,2009,Bajaj
Hero CBZ Xtreme ,32000,80000,Bhagalpur,2020,Hero
Yamaha FZ S ,30000,30000,Delhi,2012,Yamaha
TVS Apache RTR 160 4V ,10000,80000,Noida,2021,TVS
Hero Splendor Plus ,6200,75000,Yavatmal,2022,Hero
Hero CBZ Xtreme ,9800,65000,Chennai,2021,Hero
Royal Enfield Classic 350 ,51000,105000,Hyderabad,2015,Royal
Hero Glamour ,26000,75000,Kolkata,2021,Hero
Royal Enfield Interceptor 650 ,5700,300000,Sangareddy,2020,Royal
Hero HF Deluxe ,5,15000,Agra,2018,Hero
Bajaj Pulsar 150 AS ,44700,45000,Patna,2015,Bajaj
Honda CB Unicorn Dazzler ,35000,32000,Surat,2010,Honda
YO Bikes Yo Smart ,26000,65000,Bangalore,2019,YO
Bajaj Pulsar 150 DTS i ,85000,41000,Hamirpur,2017,Bajaj
Honda CBR 150R ,37000,52000,Surat,2014,Honda
Yezdi Classic ,8500,145000,Bhopal,2021,Yezdi
Bajaj Pulsar 220 F ,45000,40000,Jaipur,2014,Bajaj
Suzuki Access ,55000,30000,Bangalore,2011,Suzuki
Bajaj Platina 100 ,40000,52000,Nagpur,2019,Bajaj
Yamaha FZ S ,40000,70000,Bardhaman,2019,Yamaha
Bajaj Discover 100 ,48000,22000,Trichy,2012,Bajaj
Hero Optima ,17000,32000,Bhopal,2020,Hero
Bajaj Pulsar 180 ,90000,42000,Bhubaneswar,2015,Bajaj
Royal Enfield Classic 350 ,23000,105000,Sivasagar,2017,Royal
Honda Activa ,33500,29000,Noida,2013,Honda
Yamaha FZ 25 ,53643,75000,Chennai,2017,Yamaha
Hero Splendor Pro ,48051,40000,Aligarh,2014,Hero
Honda CB Unicorn Dazzler ,58000,32000,Hyderabad,2011,Honda
Bajaj Platina 100 ,15000,60000,Gwalior,2021,Bajaj
Honda CB Unicorn ,75000,55000,Sangamner,2015,Honda
Bajaj Dominar 400 ,9600,188000,Agartala,2021,Bajaj
Bajaj Pulsar 200 NS ,10000,108000,Kolkata,2020,Bajaj
Bajaj Avenger Street 150 ,29000,58500,Hyderabad,2016,Bajaj
Bajaj Pulsar 200 NS ,5700,105000,Gangarampur,2019,Bajaj
Royal Enfield Classic Desert Storm ,20100,110000,Chennai,2013,Royal
Royal Enfield Classic Chrome ,35000,160000,Gurgaon,2014,Royal
Honda CB Unicorn ,19000,110000,Hyderabad,2021,Honda
Honda Activa i ,9000,80000,NaviMumbai,2022,Honda
Honda CB Unicorn 160 ,30600,88500,Chennai,2021,Honda
Bajaj Pulsar 125 ,29000,65000,Patna,2021,Bajaj
Honda CB Hornet ,52000,49000,Chennai,2017,Honda
Yamaha MT 15 ,7049,175000,Mahbubnagar,2022,Yamaha
Yamaha YZF R15 ,30000,90000,Varanasi,2014,Yamaha
Hero Xpulse 200T ,11000,125000,Bangalore,2021,Hero
Hero HF Deluxe ,38000,45000,Jamnagar,2019,Hero
Royal Enfield Classic 500 ,24000,110000,Ahmedabad,2015,Royal
Royal Enfield Classic 350 ,8200,180000,Jamshedpur,2020,Royal
Bajaj Pulsar 150 DTS i ,40000,25000,Mumbai,2011,Bajaj
Honda Activa ,20000,18000,Mumbai,2008,Honda
Yamaha YZF R15 ,19400,75000,Patna,2019,Yamaha
Bajaj Pulsar 220 F ,10000,120000,Allahabad,2022,Bajaj
Suzuki Gixxer SF ,35000,45000,Mumbai,2015,Suzuki
Bajaj Pulsar 200 RS ,17400,130000,Thane,2021,Bajaj
Hero Passion Pro ,27000,45000,Amravati,2014,Hero
Hero Pleasure ,17000,26999,Bapatla,2014,Hero
Royal Enfield Himalayan ,34000,200000,Bangalore,2019,Royal
TVS Jive ,37500,15500,Madurai,2010,TVS
Honda CB Twister ,50000,30000,Pune,2011,Honda
Bajaj Pulsar 200 NS ,8000,130000,Thane,2022,Bajaj
KTM RC 390 ,5600,190000,Delhi,2017,KTM
Royal Enfield Classic 350 ,52293,140000,Erode,2017,Royal
KTM RC 125 ,25700,99000,Gumla,2019,KTM
Bajaj Discover 125 ,7600,79000,Moga,2020,Bajaj
Yamaha FZ16 ,10000,45000,Mumbai,2011,Yamaha
Royal Enfield Classic 500 ,14700,135000,Kolhapur,2015,Royal
Hero Xtreme 200R ,22000,70000,Patna,2019,Hero
Hero Karizma ,75000,50000,Latur,2014,Hero
Royal Enfield Thunderbird 350 ,21600,120000,Bangalore,2017,Royal
TVS Victor ,20000,30000,Allahabad,2016,TVS
Bajaj Dominar 400 ,27000,160000,Alwar,2018,Bajaj
Yamaha FZ S ,40000,85000,Kota,2019,Yamaha
Honda Grazia ,6400,75000,Pune,2021,Honda
Hero Pleasure ,24000,22000,Motihari,2010,Hero
Hero Passion X Pro ,36500,42700,Ahmedabad,2014,Hero
Yamaha YZF R15 ,40000,60000,Kolkata,2017,Yamaha
Honda Dio ,22000,75000,Bangalore,2021,Honda
Bajaj Pulsar 135 LS ,30000,38000,Kota,2014,Bajaj
Honda Activa ,33000,14500,Hosur,2010,Honda
Honda CB Unicorn 160 ,5000,51000,Khagaria,2015,Honda
Hero CBZ Xtreme ,48500,29000,Bangalore,2011,Hero
Hero CBZ Star ,48500,29000,Bangalore,2011,Hero
Bajaj Dominar 400 ,175000,175000,Mysore,2017,Bajaj
Royal Enfield Bullet Electra ,41001,75000,Botad,2014,Royal
TVS Apache ,20000,175000,Kharagpur,2019,TVS
Jawa Original ,4000,210000,Chennai,2021,Jawa
Bajaj Pulsar 150 ,40000,30000,Aurangabad,2012,Bajaj
Royal Enfield Thunderbird 350X ,12190,185000,Pune,2019,Royal
Honda CB Twister ,38000,30000,Hyderabad,2011,Honda
TVS Scooty Zest 110 ,23700,35000,Bangalore,2019,TVS
Honda Activa ,24000,25000,Delhi,2012,Honda
Bajaj Pulsar 135 LS ,38000,18500,Bilaspur,2012,Bajaj
TVS Star Sport ,45000,27000,Bhopal,2008,TVS
Suzuki Gixxer SF ,12681,134999,Hyderabad,2021,Suzuki
Bajaj Pulsar 220 F ,41,42000,Hoshiarpur,2012,Bajaj
Suzuki Gixxer SF ,28000,45000,Vadodara,2015,Suzuki
TVS Jupiter ,8092,62999,Delhi,2020,TVS
Honda CB Unicorn ,35000,43000,Bangalore,2011,Honda
Royal Enfield Classic 350 ,25000,140000,Ludhiana,2017,Royal
Honda Dio ,56,42000,Dibrugarh,2016,Honda
Hero Glamour FI ,31900,35000,Kolkata,2010,Hero
TVS Apache RTR 160 ,22000,70000,Mumbai,2019,TVS
Royal Enfield Thunderbird 350 ,11753,115000,Pune,2013,Royal
Hero Pleasure ,18950,42000,Vizag,2017,Hero
Hero Glamour ,80000,19000,Panchkula,2012,Hero
Honda CB Shine ,4200,20000,Howrah,2006,Honda
Yamaha FZ S ,31000,80000,Koderma,2020,Yamaha
Bajaj Pulsar 200 RS ,2300,170000,Ahmedabad,2022,Bajaj
Royal Enfield Bullet 350 ,16000,115000,Chennai,1995,Royal
Hero Passion X Pro ,11000,69000,Raipur,2022,Hero
Kawasaki Ninja 300 ,25100,120000,Goa,2010,Kawasaki
Hero Glamour ,72054,45000,Hyderabad,2015,Hero
Yamaha FZ S ,54660,60000,Hyderabad,2016,Yamaha
Yamaha FZ S ,38000,85999,Vizag,2020,Yamaha
Honda Activa ,1873,90000,Nellore,2022,Honda
Hero Splendor Plus ,20497,45000,Chennai,2017,Hero
Bajaj Pulsar 180 ,60000,36000,Uppal,2010,Bajaj
Hero Destini 125 ,9500,48000,Jaipur,2019,Hero
Mahindra Gusto ,10000,46000,Bhatapara,2017,Mahindra
Mahindra Gusto ,10000,46000,Solan,2017,Mahindra
Honda Activa 5G ,14634,60000,Hyderabad,2019,Honda
Royal Enfield Bullet 350 ,52000,126000,Nanded,2014,Royal
Bajaj Chetak ,21000,10000,Fatehpur,2001,Bajaj
Bajaj Chetak ,35000,21000,Udaipur,2005,Bajaj
Yezdi Road King ,10000,200000,Delhi,2022,Yezdi
Bajaj Dominar 400 ,4500,210000,Kozhikode,2022,Bajaj
Yamaha FZ S ,45000,70000,PimpriChinchwad,2016,Yamaha
Bajaj Pulsar 180 DTS i ,25000,30000,Bangalore,2009,Bajaj
KTM Duke 200 ,25000,115000,Pune,2019,KTM
Royal Enfield Thunderbird 350 ,60000,99000,Mumbai,2016,Royal
TVS Apache RTR 200 ,5000,120000,Alwar,2021,TVS
Bajaj Pulsar 150 ,1350,120000,Karimganj,2023,Bajaj
Jawa Original ,3000,150000,Raipur,2019,Jawa
Suzuki SlingShot Plus ,50000,40000,Cuttack,2013,Suzuki
Bajaj Pulsar 200 RS ,39000,85000,Bhubaneswar,2016,Bajaj
TVS Apace RR310 ,4000,260000,Coimbatore,2022,TVS
Honda Activa 3G ,10000,21000,Allahabad,2010,Honda
Yamaha YZF R15 ,4100,170000,Ranchi,2022,Yamaha
Royal Enfield Bullet Electra ,80000,72000,Hyderabad,2011,Royal
Hero CBZ Xtreme ,150,40000,Patna,2010,Hero
Hero CD Deluxe ,70000,22000,Ahmedabad,2005,Hero
Royal Enfield Classic 500 ,65000,145000,Bangalore,2013,Royal
Royal Enfield Bullet Electra ,34000,120000,Dehradun,2018,Royal
Bajaj Pulsar 220 F ,50000,57000,Bhubaneswar,2018,Bajaj
Royal Enfield Classic 350 ,16000,95000,Gurgaon,2015,Royal
Hero Optima ,4700,54500,Guwahati,2021,Hero
Suzuki Intruder 150 ,7952,92000,Shillong,2020,Suzuki
TVS Apache RTR 200 ,7800,59999,Kolkata,2019,TVS
Royal Enfield Bullet 350 ,1500,90000,Delhi,2015,Royal
Bajaj Pulsar 220 F ,50000,58000,Hospet,2014,Bajaj
Bajaj Dominar 400 ,41000,181000,NaviMumbai,2017,Bajaj
Yamaha FZ S ,40000,45000,Lohardaga,2015,Yamaha
Honda CBF Stunner ,59899,25000,Kolkata,2014,Honda
Bajaj Vikrant V15 ,35000,35000,Bahadurgarh,2016,Bajaj
TVS Apache RTR 160 ,22000,95000,Shimla,2020,TVS
Honda CB Shine ,30000,55000,Anantapur,2016,Honda
Hero Splendor Plus ,16000,21999,Chennai,2008,Hero
Hero CBZ Xtreme ,43000,35000,Hyderabad,2013,Hero
Hero HF Deluxe Eco ,20000,65000,Mancherial,2021,Hero
Benelli Imperiale 400 ,4200,200000,Bangalore,2021,Benelli
TVS Jupiter ,14000,75000,Zirakpur,2021,TVS
Jawa 42 ,16000,170000,Rishikesh,2021,Jawa
KTM RC 390 ,18000,200000,Mumbai,2019,KTM
Bajaj Pulsar 220 F ,41000,59999,Jangaon,2015,Bajaj
Royal Enfield Himalayan ,19900,142500,Mandya,2016,Royal
Bajaj Dominar 400 ,5000,200000,Kolkata,2020,Bajaj
KTM Duke 200 ,36800,130000,Delhi,2018,KTM
Honda CB Trigger ,50000,45000,Siliguri,2015,Honda
Royal Enfield Classic 350 ,21000,185000,Jaipur,2020,Royal
TVS Ntorq 125 ,32500,52000,Hyderabad,2019,TVS
TVS Jupiter ,50000,46500,Chennai,2019,TVS
Hero CBZ Xtreme ,23000,35000,Thane,2014,Hero
Bajaj Pulsar 200 RS ,26500,95000,Bangalore,2015,Bajaj
Honda Activa 5G ,30000,55000,Kanpur,2018,Honda
Bajaj Dominar 400 ,18000,145000,Thodupuzha,2020,Bajaj
Honda Dio ,43000,63000,Bangalore,2018,Honda
Honda CB Hornet ,1500,100000,LakhimpurKheri,2019,Honda
Royal Enfield Continental GT 650 ,19000,240000,Gurgaon,2019,Royal
Hero Xtreme 200R ,6000,160000,Aurangabad,2022,Hero
Suzuki Access ,30000,20000,Bharuch,2010,Suzuki
Honda CB Trigger ,80000,20000,Shahjahanpur,2014,Honda
Royal Enfield Classic Desert Storm ,25000,110000,Dehradun,2014,Royal
Bajaj Pulsar 180 ,60000,45000,Tezpur,2013,Bajaj
Yamaha YZF R15 ,17625,55000,Rourkela,2010,Yamaha
Royal Enfield Thunderbird 350X ,12700,130000,Ambala,2018,Royal
Royal Enfield Classic 350 ,10500,200000,Mahuva,2022,Royal
Bajaj Pulsar 220 F ,35800,36500,Mumbai,2013,Bajaj
Hero Passion Pro ,32000,50000,Delhi,2016,Hero
Bajaj Dominar 400 ,30000,150000,Mumbai,2018,Bajaj
TVS Apache RTR 160 ,36000,50000,Lucknow,2015,TVS
Jawa Original ,0,245000,Delhi,2023,Jawa
Yamaha YZF R15 ,6500,175000,Bhubaneswar,2021,Yamaha
KTM Duke 200 ,12000,160000,Chennai,2020,KTM
TVS Wego ,30000,18000,Ranchi,2007,TVS
KTM Duke 200 ,12000,170000,Chennai,2020,KTM
Bajaj Pulsar 150 DTS i ,13426,89999,Chennai,2021,Bajaj
Hero Karizma ,50000,30000,Bhubaneswar,2013,Hero
Bajaj Pulsar 150 ,40000,22000,Bhind,2011,Bajaj
TVS Apache RTR 160 ,13000,90000,Lucknow,2020,TVS
Royal Enfield Himalayan ,19900,200000,Chennai,2020,Royal
Yamaha Ray Z ,15470,57000,Madurai,2021,Yamaha
TVS Apache RTR 200 ,29000,99000,Muzaffarpur,2018,TVS
UM Renegade Commando ,5200,99000,Delhi,2018,UM
Bajaj Pulsar 180 ,31000,51499,Kolkata,2018,Bajaj
Bajaj Pulsar 125 ,20500,70995,Allahabad,2020,Bajaj
Yamaha FZ S ,10500,96000,Bhopal,2021,Yamaha
Honda CB Hornet ,27500,59500,Lucknow,2017,Honda
Hero Hunk ,85000,18000,Gurgaon,2010,Hero
Honda Aviator ,19000,30000,Bareilly,2015,Honda
Bajaj Dominar 400 ,19000,140000,Bhubaneswar,2021,Bajaj
Honda Activa 3G ,39000,35000,Vadodara,2014,Honda
TVS Apache RTR 160 ,45000,49000,Solan,2016,TVS
Hero CBZ Xtreme ,30000,35000,Mumbai,2016,Hero
Royal Enfield Bullet 350 ,52000,140000,Aurangabad,2016,Royal
Hero Pleasure ,65000,18000,Vapi,2012,Hero
Royal Enfield Bullet 350 ,6000,120000,Ujjain,1995,Royal
Royal Enfield Bullet 500 ,650,150000,Chennai,2009,Royal
Honda Activa ,19000,31000,Bijnor,2013,Honda
Yamaha YZF R15 ,30300,85000,Pune,2016,Yamaha
Hero Maestro ,28000,38000,Basirhat,2018,Hero
Honda Dio ,35000,68000,Bangalore,2019,Honda
Yamaha YZF R15 ,48500,45000,Pune,2012,Yamaha
Hero Xpulse 200T ,65000,115000,UttaraKannada,2019,Hero
TVS Apace RR310 ,30264,180000,Bardhaman,2018,TVS
Royal Enfield Thunderbird 500X ,13000,140000,Pune,2018,Royal
Hero Xpulse 200T ,2300,120000,Gurgaon,2022,Hero
Yamaha FZ1 ,45000,82000,Bangalore,2019,Yamaha
Yamaha YZF R15 ,67000,58000,Karaikal,2016,Yamaha
Honda CB Hornet ,27000,65000,Vadodara,2017,Honda
Royal Enfield Bullet Electra ,10000,100000,Pune,2015,Royal
Suzuki Gixxer SF 250 ,8000,150000,Surat,2023,Suzuki
Royal Enfield Himalayan ,26980,235000,Chandrapur,2021,Royal
Bajaj Vikrant V15 ,35000,35000,Tirunelveli,2016,Bajaj
Bajaj Pulsar 150 DTS i ,16000,37000,Amritsar,2013,Bajaj
BMW G 310R ,2800,265000,Gurgaon,2022,BMW
Honda Grazia ,41000,52000,Hyderabad,2019,Honda
Royal Enfield Himalayan ,40000,180000,Kannur,2019,Royal
Bajaj Dominar 400 ,18600,150000,Mumbai,2017,Bajaj
Hero Super Splendor ,50000,30000,Bankura,2008,Hero
Bajaj Platina 125 ,18000,90000,Haldia,2021,Bajaj
Honda Activa 5G ,61000,52000,Goa,2018,Honda
TVS Apache RTR 160 ,800,150000,Sahibganj,2023,TVS
Indian Road master ,5,55000,Jaipur,2023,Indian
KTM Duke 200 ,5500,250000,Dehradun,2021,KTM
Yamaha FZ16 ,60000,48000,Hyderabad,2016,Yamaha
Bajaj Pulsar NS160 ,50000,85000,Nagpur,2019,Bajaj
Jawa 42 ,6400,175000,Coimbatore,2021,Jawa
Bajaj Pulsar 220 F ,3800,140000,Hyderabad,2022,Bajaj
Bajaj Discover 100 ,18000,15000,Amalapuram,2012,Bajaj
Hero Maestro ,31299,35000,Ahmedabad,2016,Hero
Bajaj Pulsar 150 ,58000,29800,Raipur,2012,Bajaj
Bajaj Discover 150 S ,30000,30000,Bangalore,2014,Bajaj
TVS Jupiter ,4000,75000,Rajkot,2022,TVS
Yamaha RX 135 ,9500,101000,Coimbatore,1998,Yamaha
Royal Enfield Bullet 350 Twinspark ,60000,100000,Meerut,2017,Royal
Hero Hunk ,100000,43100,Aurangabad,2013,Hero
Honda CB Unicorn ,55000,90000,Aurangabad,2018,Honda
Hero Super Splendor ,65000,20000,Gandhinagar,2005,Hero
Royal Enfield Classic 350 ,30000,150000,Vadodara,2017,Royal
Honda Activa ,38000,40000,Bhopal,2013,Honda
Benelli TNT 300 ,29000,180000,Pune,2016,Benelli
Hero Splendor Plus ,72000,28000,Muzaffarnagar,2010,Hero
Yamaha FZ S ,31600,50000,Hyderabad,2015,Yamaha
Yamaha FZ 6 ,13000,95000,Madurai,2020,Yamaha
TVS Jupiter ,38000,25000,Nagercoil,2015,TVS
Suzuki Gixxer ,20000,56000,Kolkata,2018,Suzuki
Bajaj Vikrant V15 ,10000,45000,Jabalpur,2016,Bajaj
Hero Achiever ,40000,56000,Mysore,2017,Hero
Royal Enfield Thunderbird 500 ,11000,140000,Hosur,2017,Royal
Honda CBR 150R ,80000,70000,Chennai,2018,Honda
Bajaj CT 100 ,43000,29000,Auraiya,2016,Bajaj
KTM Duke 390 ,25000,110000,Goa,2015,KTM
Royal Enfield Bullet Electra ,16700,92000,Gurgaon,2017,Royal
TVS Wego ,11000,35000,Dehradun,2013,TVS
Royal Enfield Interceptor 650 ,4900,299000,Vadodara,2022,Royal
Bajaj Platina 100 ,80000,15000,Delhi,2010,Bajaj
Bajaj Discover 125 ST ,10000,45000,Bangalore,2013,Bajaj
KTM Duke 200 ,11000,200000,Bangalore,2021,KTM
Yamaha FZ S ,5000,90000,Bangalore,2019,Yamaha
Honda CB Shine ,22000,90000,Hassan,2020,Honda
TVS Star City ,347451,30000,Akola,2014,TVS
Royal Enfield Classic 350 ,10000,200000,Delhi,2021,Royal
Bajaj Pulsar 150 ,20000,30000,Hyderabad,2010,Bajaj
Bajaj CT 100 ,12000,49500,Kasaragod,2022,Bajaj
Jawa Original ,15000,100000,Mumbai,2020,Jawa
Yamaha MT 15 ,5500,150000,Delhi,2022,Yamaha
Royal Enfield Bullet Electra ,12000,150000,Bangalore,2019,Royal
Jawa Original ,4500,200000,Patiala,2022,Jawa
TVS Ntorq 125 ,17000,80000,Delhi,2019,TVS
Benelli Leoncino 250 ,4600,250000,Guntur,2020,Benelli
KTM Duke 200 ,11000,195000,Kavali,2021,KTM
Yamaha R1 ,50000,70000,Jaipur,2015,Yamaha
TVS Ntorq 125 ,33500,60000,Kolkata,2020,TVS
Hero Hunk ,50000,30000,Hyderabad,2011,Hero
Royal Enfield Himalayan ,13500,230000,Pune,2021,Royal
Royal Enfield Bullet 350 ,35000,57000,Kotkapura,1998,Royal
Honda Aviator ,32440,50000,Delhi,2019,Honda
Honda Activa ,45000,45000,Bhubaneswar,2017,Honda
Hero Destini 125 ,25000,58000,Vadodara,2020,Hero
Yamaha FZ S ,47500,55000,Tirupati,2016,Yamaha
KTM Duke 200 ,10600,150000,Mumbai,2020,KTM
Bajaj Pulsar 150 DTS i ,29000,90000,Hyderabad,2021,Bajaj
TVS Samurai ,48000,24500,Tirunelveli,2004,TVS
Bajaj Pulsar 200 NS ,66440,90000,Hubli,2014,Bajaj
Jawa 42 ,5000,160000,Lucknow,2022,Jawa
Hyosung GT250R ,15600,189000,Bangalore,2014,Hyosung
Kawasaki Ninja 650 ,16000,320000,Mumbai,2016,Kawasaki
Yamaha FZ16 ,2000,30000,Udaipur,2010,Yamaha
Honda Activa 5G ,22000,58000,Lucknow,2018,Honda
Bajaj Pulsar 135 LS ,30000,27000,Bhopal,2009,Bajaj
Honda Dio ,21000,80000,Hyderabad,2021,Honda
Yamaha FZ S ,2700,155000,Delhi,2023,Yamaha
Hero Pleasure ,25000,16000,Allahabad,2007,Hero
Royal Enfield Thunderbird 350 ,20500,90000,Howrah,2016,Royal
TVS Ntorq 125 ,40000,55000,Thrissur,2019,TVS
KTM Duke 200 ,4500,180000,Agra,2021,KTM
Royal Enfield Classic 500 ,3300,242000,Balangir,2019,Royal
TVS Apache RTR 200 ,7758,97000,Jodhpur,2018,TVS
Hero Passion Pro ,35000,29999,Gwalior,2009,Hero
Honda CB Shine ,32542,50000,Kanpur,2016,Honda
Royal Enfield Continental GT ,29000,125000,Mumbai,2015,Royal
Suzuki V Strom 650 ,1000,200000,Ahmedabad,2023,Suzuki
TVS Star City Plus ,49700,30000,Chennai,2016,TVS
Royal Enfield Himalayan ,2500,250000,Bangalore,2022,Royal
Bajaj CT 100 ,25000,32000,Korba,2016,Bajaj
Honda Activa ,43950,29500,Gwalior,2014,Honda
Bajaj Pulsar 150 ,10000,40000,Achalpur,2015,Bajaj
Honda CBR 150R ,15000,45000,Meerut,2013,Honda
Bajaj Dominar 400 ,16500,110000,Dehradun,2018,Bajaj
Honda CBF Stunner ,50000,14000,Bhilai,2010,Honda
TVS Apache RTR 160 ,4300,110000,Chandigarh,2022,TVS
Royal Enfield Himalayan ,39500,130000,Delhi,2018,Royal
Bajaj Pulsar 150 ,60000,65000,Krishnagiri,2019,Bajaj
Bajaj Pulsar 150 DTS i ,20000,30000,Srikakulam,2011,Bajaj
Royal Enfield Classic 350 ,45000,170000,Hathras,2019,Royal
Hero Passion Pro ,35098,38000,Wardha,2013,Hero
KTM Duke 390 ,7000,200000,Bhiwadi,2018,KTM
KTM Duke 200 ,35000,90000,Nagpur,2015,KTM
Hero Splendor iSmart ,42000,43000,Jamshedpur,2018,Hero
Hero CBZ Xtreme ,18000,90000,Dhanbad,2021,Hero
Royal Enfield Thunderbird 350 ,37500,135000,Surat,2017,Royal
Bajaj Pulsar 150 ,14800,40000,Alwar,2016,Bajaj
Benelli TRK 502 ,20000,380000,Aurangabad,2020,Benelli
KTM RC 390 ,14500,245000,Bangalore,2020,KTM
Honda Activa 5G ,27888,65000,Bardhaman,2020,Honda
Yamaha FZ16 ,44709,35000,Chennai,2012,Yamaha
Hero Super Splendor ,5000,55000,Indore,2012,Hero
KTM 390 Duke ABS ,17000,230000,Malkangiri,2020,KTM
Honda Activa i ,71300,30000,Allahabad,2013,Honda
Yamaha SZ RR V 2 ,20080,58000,Noida,2017,Yamaha
Yamaha SZ RR ,20080,58000,Noida,2017,Yamaha
Bajaj Avenger Street 220 ,34000,59000,Shahjahanpur,2019,Bajaj
KTM Duke 200 ,62500,100000,Hyderabad,2014,KTM
Royal Enfield Thunderbird 500 ,37000,90000,Chennai,2016,Royal
Yamaha Ray Z ,13000,70000,Kolkata,2020,Yamaha
Bajaj Pulsar 220 F ,80000,40000,Durgapur,2011,Bajaj
Hero Glamour ,50000,40000,RajannaSircilla,2016,Hero
Honda CB Shine ,12000,35000,Arrah,2016,Honda
Honda CB Shine ,67200,30000,Hyderabad,2013,Honda
Bajaj Pulsar 200 RS ,14000,120000,Hyderabad,2022,Bajaj
TVS Radeon ,28000,90000,Hyderabad,2022,TVS
Royal Enfield Meteor 350 Supernova ,4900,220000,Hyderabad,2022,Royal
TVS Wego ,5000,50000,Betul,2017,TVS
Royal Enfield Classic 350 ,23000,162000,Jammu,2020,Royal
Hero Karizma ,16600,35000,Jamshedpur,2014,Hero
Yamaha FZ S ,3500,135000,Mysore,2022,Yamaha
Bajaj Pulsar 200 RS ,21000,85000,Mumbai,2017,Bajaj
Yamaha Fazer ,35000,25000,Kollam,2012,Yamaha
Honda CB Unicorn ,34300,42000,Jamshedpur,2012,Honda
Hero Xtreme 200S ,15500,90000,Aurangabad,2019,Hero
Honda CBR 150R ,29000,85000,Pune,2016,Honda
KTM Duke 250 ,14200,200000,Delhi,2020,KTM
Royal Enfield Interceptor 650 ,17000,255000,Guwahati,2021,Royal
Hero Splendor Plus ,1100,77000,Meerut,2023,Hero
Honda Activa ,52000,30000,Trivandrum,2013,Honda
Bajaj Pulsar 220 F ,38000,58000,Thane,2015,Bajaj
Bajaj Pulsar 220 F ,14770,78000,Ranchi,2018,Bajaj
Royal Enfield Thunderbird 350 ,78000,70000,Ongole,2012,Royal
Bajaj CT 100 ,7796,60000,Vizag,2021,Bajaj
TVS Victor ,52000,45000,Bangalore,2017,TVS
YO Bikes Yo Smart ,12000,62000,PimpriChinchwad,2021,YO
Royal Enfield Classic 350 ,12500,210000,Hyderabad,2021,Royal
Hero Passion Pro ,18000,62000,Karaikudi,2021,Hero
Royal Enfield Classic 350 ,26500,140000,Delhi,2018,Royal
Bajaj Avenger Street 160 ,6300,84000,Chennai,2022,Bajaj
Yamaha YZF R15 ,18000,85000,Indore,2017,Yamaha
Royal Enfield Classic 350 ,31000,150000,Ambala,2017,Royal
Honda CB Hornet ,13000,46000,Mumbai,2016,Honda
Royal Enfield Thunderbird 350 ,25000,75000,Dehradun,2012,Royal
Royal Enfield Bullet Electra Twinspark ,26000,150000,Bangalore,2017,Royal
Hero Maestro ,15529,75000,Bongaigaon,2021,Hero
Hero Xtreme 200R ,33700,80000,Guwahati,2019,Hero
Yamaha FZ S ,40000,45000,Raipur,2015,Yamaha
Royal Enfield Bullet 350 Twinspark ,27000,150000,Pune,2011,Royal
KTM Duke 250 ,13400,195000,Guwahati,2021,KTM
Bajaj Pulsar 220 F ,30000,60000,Darjeeling,2015,Bajaj
Bajaj Avenger Street 220 ,46000,35000,Raipur,2016,Bajaj
Yamaha FZ16 ,40000,28000,Jabalpur,2012,Yamaha
TVS Ntorq 125 ,24000,70000,Pune,2019,TVS
Royal Enfield Bullet 500 ,40000,130000,Patna,2016,Royal
Ather Energy Ather 450X ,14900,120000,Hyderabad,2021,Ather
Yamaha SZ RR ,10100,51000,Hyderabad,2017,Yamaha
Bajaj Pulsar 125 ,700,100000,Vizag,2023,Bajaj
Bajaj Pulsar 220 F ,58000,60000,Chennai,2016,Bajaj
TVS Apache RTR 180 ,105000,34000,Rajpura,2015,TVS
Bajaj Pulsar 150 AS ,40000,45000,Indore,2015,Bajaj
Hero Splendor Plus ,45000,35000,Panipat,2013,Hero
Yamaha YZF R15 ,10050,150000,Durg,2021,Yamaha
Bajaj Pulsar 220 F ,41000,50000,Baramulla,2015,Bajaj
Honda Activa ,54000,25000,Thane,2009,Honda
Hero HF Deluxe ,30,73000,Faridabad,2023,Hero
Royal Enfield Interceptor 650 ,5200,320000,Vijayawada,2022,Royal
Bajaj Pulsar 150 ,19000,85000,Ambala,2019,Bajaj
Bajaj Pulsar NS160 ,6500,145000,Bangalore,2022,Bajaj
Royal Enfield Classic 350 ,11936,140000,Siliguri,2017,Royal
Yamaha FZ S ,30500,100000,Hyderabad,2020,Yamaha
Honda CB Shine ,60000,32000,Rajpura,2013,Honda
Royal Enfield Classic 350 ,34000,145000,Lucknow,2017,Royal
Royal Enfield Himalayan ,22000,175000,Coimbatore,2020,Royal
BMW G 310R ,22000,215000,Kolkata,2019,BMW
Yamaha YZF R15 ,17000,90000,Hyderabad,2018,Yamaha
Hero Glamour FI ,5000,80000,Nellore,2021,Hero
Honda CB Shine ,30000,72000,Pune,2018,Honda
Royal Enfield Bullet Electra Twinspark ,55000,70000,Delhi,2010,Royal
Royal Enfield Classic 500 ,19100,180000,Kottayam,2017,Royal
BMW G 310RR ,50,352000,Kanpur,2023,BMW
TVS Victor ,19000,38000,Kanpur,2018,TVS
Bajaj Pulsar 180 ,6600,28000,Delhi,2014,Bajaj
Hero Passion X Pro ,350,90000,Meerut,2023,Hero
Honda CB Unicorn 160 ,10000,95000,Kanchipuram,2021,Honda
Hero Xpulse 200 ,2600,152000,Chennai,2023,Hero
Hero Glamour ,10900,48000,Lakhisarai,2018,Hero
Hero Achiever ,65000,45000,Pithampur,2017,Hero
Royal Enfield Classic 350 ,26000,123000,Jalgaon,2015,Royal
TVS Apache RTR 160 4V ,7000,130000,NaviMumbai,2022,TVS
Suzuki Burgman Street ,14786,84999,Hyderabad,2021,Suzuki
KTM Duke 200 ,30000,75000,Shillong,2015,KTM
Yamaha FZ S ,52000,40000,Durgapur,2012,Yamaha
Royal Enfield Bullet Electra ,31000,105000,Gurgaon,2016,Royal
Jawa 42 ,680,255000,Bangalore,2023,Jawa
Suzuki Access ,38000,26000,Bangalore,2012,Suzuki
Bajaj Pulsar 125 ,12000,85000,Delhi,2022,Bajaj
Bajaj Vikrant V15 ,45000,40000,Gonda,2017,Bajaj
Hero HF Deluxe ,16026,42000,Bulandshahr,2018,Hero
Suzuki Burgman Street ,25000,71000,Patna,2021,Suzuki
Suzuki Gixxer ,11000,85000,Bangalore,2019,Suzuki
Honda CB Hornet ,87000,53000,Mohali,2016,Honda
Bajaj Pulsar 125 ,18000,60000,Jaipur,2019,Bajaj
Honda CBR 150R ,30000,15000,Jhansi,2009,Honda
Honda Activa ,44869,20000,Jodhpur,2011,Honda
Jawa 42 ,8003,140000,Jhajjar,2020,Jawa
Bajaj Pulsar 150 ,20000,80000,Karad,2019,Bajaj
Bajaj Pulsar NS160 ,29604,70000,Kannauj,2018,Bajaj
Hero Karizma ,64000,42000,Jammu,2010,Hero
Honda Activa ,3900,68000,Kaithal,2020,Honda
Honda Aviator ,28900,48000,Kalyani,2017,Honda
Yamaha FZ S ,9000,125000,Jaipur,2022,Yamaha
Bajaj Avenger Street 160 ,40000,75000,Kanpur,2021,Bajaj
Hero Passion Pro ,60000,30000,Karur,2012,Hero
Bajaj Pulsar 200 RS ,12400,100000,Kanpur,2016,Bajaj
Hero Splendor Plus ,56000,65000,Jammu,2021,Hero
Bajaj Avenger Cruise 220 ,19000,34999,Jabalpur,2012,Bajaj
Suzuki Access ,1700,110000,Tumkur,2022,Suzuki
Royal Enfield Classic 500 ,65000,150000,Tirunelveli,2018,Royal
LML Piaggio Star Euro ,35,35000,Guntur,2016,LML
KTM Duke 250 ,34000,190000,Guwahati,2020,KTM
Yamaha FZ S ,62750,32000,Surat,2015,Yamaha
Royal Enfield Interceptor 650 ,7000,300000,Faridabad,2019,Royal
Bajaj Pulsar NS160 ,8000,110000,Sonipat,2021,Bajaj
